{"cameraMode":{"drawMode":0,"name":"Shaded","section":"Shading Mode"},"sceneLighting":true,"audioPlay":false,"sceneViewState":{"m_AlwaysRefresh":false,"showFog":true,"showSkybox":true,"showFlares":true,"showImageEffects":true,"showParticleSystems":true,"showVisualEffectGraphs":true,"m_FxEnabled":true},"in2DMode":false,"pivot":{"x":0.7568038105964661,"y":4.395293712615967,"z":-2.9558444023132326},"rotation":{"x":0.35410192608833315,"y":-0.2454162836074829,"z":0.09686166048049927,"w":0.8972240686416626},"size":0.12111863493919373,"orthographic":false}