{"cameraMode":{"drawMode":0,"name":"Shaded","section":"Shading Mode"},"sceneLighting":true,"audioPlay":false,"sceneViewState":{"m_AlwaysRefresh":false,"showFog":true,"showSkybox":true,"showFlares":true,"showImageEffects":true,"showParticleSystems":true,"showVisualEffectGraphs":true,"m_FxEnabled":true},"in2DMode":false,"pivot":{"x":-5.945086479187012,"y":2.8625741004943849,"z":0.43344783782958987},"rotation":{"x":0.19835306704044343,"y":0.7969010472297669,"z":-0.3518768548965454,"w":0.44921350479125979},"size":2.009690284729004,"orthographic":false}